{
  "Bogor": [
    -6.595577821745755,
    106.79039890436576
  ],
  "Citayam": [
    -6.448765759347808,
    106.80250990723563
  ],
  "Nambo": [
    -6.466257926182283,
    106.90620338426143
  ],
  "Manggarai": [
    -6.209685943700633,
    106.85024698412104
  ],
  "Jatinegara": [
    -6.215161066625873,
    106.87025693994657
  ],
  "Bekasi": [
    -6.236564380875985,
    106.99919643734181
  ],
  "TanahAbang": [
    -6.185488768052335,
    106.8110359878098
  ],
  "RangkasBitung": [
    -6.352527644611775,
    106.25152065406995
  ],
  "JakartaKota": [
    -6.137445887477194,
    106.8146923706255
  ],
  "KampungBandan": [
    -6.1325645629987235,
    106.82850055344146
  ],
  "Rajawali": [
    -6.14494832365244,
    106.83665265344155
  ],
  "Duri": [
    -6.155081989801162,
    106.80150216081914
  ],
  "Tangerang": [
    -6.176665130350495,
    106.63276538412097
  ],
  "Ancol": [
    -6.127848582589163,
    106.84512776878118
  ],
  "TanjungPriok": [
    -6.109520789717631,
    106.88181069847015
  ]
}